{"cameraMode":{"drawMode":0,"name":"Shaded","section":"Shading Mode"},"sceneLighting":false,"audioPlay":false,"sceneViewState":{"m_AlwaysRefresh":false,"showFog":true,"showSkybox":false,"showFlares":true,"showImageEffects":true,"showParticleSystems":true,"showVisualEffectGraphs":true,"m_FxEnabled":true},"in2DMode":false,"pivot":{"x":16.822338104248048,"y":3.5342204570770265,"z":13.462456703186036},"rotation":{"x":-0.028962332755327226,"y":-0.6974658370018005,"z":0.02786935865879059,"w":-0.7156507968902588},"size":5.95067024230957,"orthographic":false}