{"cameraMode":{"drawMode":0,"name":"Shaded","section":"Shading Mode"},"sceneLighting":true,"audioPlay":false,"sceneViewState":{"m_AlwaysRefresh":false,"showFog":true,"showSkybox":true,"showFlares":true,"showImageEffects":true,"showParticleSystems":true,"showVisualEffectGraphs":true,"m_FxEnabled":true},"in2DMode":false,"pivot":{"x":5.963647842407227,"y":4.359767913818359,"z":-0.6499985456466675},"rotation":{"x":0.2547975480556488,"y":0.024369101971387864,"z":-0.0063937571831047539,"w":0.9667174220085144},"size":3.2660250663757326,"orthographic":false}